Trial,Stim_Fast_sub001,Stim_Fast_sub002,Stim_Fast_sub003,Stim_Fast_sub004,Stim_Fast_sub005,Stim_Fast_sub006,Stim_Slow_sub001,Stim_Slow_sub002,Stim_Slow_sub003,Stim_Slow_sub004,Stim_Slow_sub005,Stim_Slow_sub006,Recovery_Fast_sub001,Recovery_Fast_sub002,Recovery_Fast_sub003,Recovery_Fast_sub004,Recovery_Fast_sub005,Recovery_Fast_sub006,Recovery_Slow_sub001,Recovery_Slow_sub002,Recovery_Slow_sub003,Recovery_Slow_sub004,Recovery_Slow_sub005,Recovery_Slow_sub006
1,-463.332676376461,-455.544892966599,745.730440992455,1464.11447549453,-339.901292839908,-631.879040568439,-635.3752697185,-280.761993761886,-347.843312173528,-501.5921808194,366.514767820605,713.871953384043,116.349706450382,1671.03661047269,1945.91346197084,1204.29579962991,-872.479812466433,1839.92312790115,-448.980930561452,-1042.12861289312,1173.68247840549,1131.60845900404,-1114.9766129296,-790.753556991347
2,-494.080437697965,208.328491291998,-217.870271971831,788.671081525799,-586.590084921301,-81.2439725054246,124.994911448744,23.9986914745568,8.14080488180571,-436.231561528803,500.48446593341,350.787455600263,1238.13506767646,1051.38746982875,1684.47392390908,1781.99680799544,-971.083430190946,2106.2265205208,-386.321078835561,-797.489010659049,569.129255456567,1006.87743836592,-2705.59188233721,-1670.92692016346
3,72.9078213541234,172.763488638625,-243.347129790146,-91.05127720368,-191.819491314168,77.3452915672433,104.523664669099,72.324165769618,-43.4633750506755,-283.169404782668,-46.5655029772206,-262.237371200628,1441.34728413392,1093.23044265929,1460.71871082192,369.946584465677,-1100.09493818236,2061.58213969623,-544.870061494078,-1291.36108563976,487.260679141637,917.945091786612,-2469.59692638369,-1251.69573998394
4,302.701161769139,258.285065180846,-65.1039505635763,-1389.26950670787,513.634201773034,321.045980281658,253.922705321133,206.692031858198,213.501002803965,-102.07286051403,-152.694865177466,-611.401730689213,1501.27873130785,996.653898370273,1439.95412400728,501.007899012591,-1236.76410548305,2311.59363521181,-416.963738740867,-1542.11656533368,88.5520502950831,1525.90255255836,-2835.10930125961,-1468.36715267975
5,581.80413095116,-183.832152144873,-219.409088666906,-772.464773108783,604.676667302344,314.731741224966,151.933988279527,-22.2528953404881,169.664879538431,1323.0660076449,-667.738865599324,-191.020307094461,1849.24516357628,1083.15890584274,1436.18697918991,-888.467497422824,-661.286209570243,2047.24651622771,-250.581011672557,-1652.8325439557,52.9351035645159,794.487834638734,-2908.48955713179,-1486.66696416218
6,520.37280708509,46.6087990187452,316.458157514319,-1381.95005607968,1149.0335577162,457.932643136141,128.70954019787,-50.1723397433188,172.975810564997,727.552595343164,-763.232176970472,-983.412897194079,1718.16217625774,1079.34967528678,1292.2245584967,-460.159894277253,-1189.33291133928,2136.57409358373,-115.760901351403,-1910.62784508257,-102.165575105932,1288.25407221001,-3061.36966485065,-2086.64080940741
7,581.513069091807,-369.930077817527,427.814534344293,-953.474470812716,856.744098003571,204.020065013106,-290.026959498693,-399.994549384499,-12.3902857674884,1516.19260343605,-910.059072025082,-562.662312730597,1976.08268753481,1291.00337827613,1429.25477804211,-885.164688320987,-820.646195864523,2042.37833002811,-128.5181919254,-1641.69729418389,-76.972209800474,627.167761790166,-2808.03200447131,-2221.80653817025
8,584.47335822149,-62.3177265944696,564.414591101267,-869.611234363601,1454.12413902211,382.217045318038,-252.561170258736,-326.00051936501,128.390332078817,1481.30423180052,-792.660139578969,-913.623732105266,1948.09777548915,879.542240991145,1107.61463459606,139.42795306542,-1482.0481990758,2338.33273281656,-412.515036685119,-1545.82319046825,-413.732737668176,1149.01534261774,-2694.78290683866,-2435.93175768377
9,733.862971062203,-281.923330970591,142.484624063696,439.235860064131,628.877475340599,291.313431696339,-239.919972741654,-634.977059805185,-214.95994177204,1801.09211545037,-1352.18327687689,-821.889740471137,2558.45557495961,838.841753915641,903.534538565474,-188.085973500429,-1699.55058073967,1888.48173368757,-529.045310657872,-1350.38702788362,-348.783350609248,173.400751761303,-2456.48574526427,-2661.14938374071
10,725.260202874341,4.60659158877024,559.876496429151,258.869601287197,943.915035631238,267.66592378635,-185.52652966289,-524.129229725142,-66.836562070941,528.721673161806,-1037.93663524089,-1211.01210797502,2076.62389350122,542.172313353735,677.925742460866,875.732805014155,-1979.82393464,2027.16017871639,-1061.94174356603,-1301.53412639337,-456.025607833259,590.605227395961,-2266.02745991052,-1941.45468197419
11,1151.56228327383,-427.769991521291,146.726950510299,799.543437323764,475.582254024065,127.228970770672,-151.269689207133,-560.464834880988,-222.29374989441,1797.15021493247,-1679.18547332407,-1364.04138292876,2551.14657489396,595.321123328581,627.126521732403,463.74721196815,-1707.50475416981,1991.83986247785,-1235.61767955919,-1448.14604478232,-406.847806289007,-284.215473222619,-1738.35978028118,-1970.29581692019
12,771.747588407306,-111.200265510297,39.0456796921708,301.225173937437,1157.54636971267,285.422829350799,209.970268919095,-511.375162981808,-194.647939130462,1539.00200901216,-1878.45610986628,-1161.32994249178,2218.25648236986,202.416727890239,298.699772217214,1681.33813504971,-2060.39784929053,2240.99884951483,-1233.80606850999,-1599.78830209414,-841.249271642462,251.892581062624,-1649.64242579827,-1654.64898183439
13,931.317777985975,-467.667448815741,-321.722579134406,969.533772361336,180.9892369974,380.438385175755,117.201039137968,-578.368069757084,-311.988074147109,1980.87979527358,-1712.28869112642,-735.657870680115,2128.55181026741,314.166581126048,635.644821893198,926.808937434371,-1663.0838427513,2069.8691207459,-1124.95712207951,-1313.69510138167,-785.123350635611,-1086.52794553881,-1405.58813275557,-982.702920710586
14,679.949487781386,-128.720678490128,2.34771224601263,772.691767564718,984.853355497414,481.99310175401,484.267982239856,-247.468475477742,-268.045688454334,1873.55179262053,-1171.63814176074,-1048.08007700378,1948.23169299071,34.7406286651103,529.592637430905,1184.26629946941,-1340.29919541564,2361.28776898691,-1240.52901479799,-1308.10775703771,-768.319404671998,-647.173353516298,-1020.27306264559,-261.994043324443
15,640.882853036414,-516.689409229259,-262.469550955853,928.555196911213,786.358582680389,424.947382332128,192.292357297069,-393.880779229986,-555.290042986864,2634.19719481772,-1694.64859136999,-1327.16879684271,2319.31261886711,272.386675576397,644.177321205887,778.88928080109,-979.598130039017,2280.91467758466,-949.516761272525,-1096.61778605096,-744.817640381134,-934.794226018339,-508.588614234757,109.613686297649
16,661.869927129052,-247.62778280442,-29.4341682742252,416.092027340785,855.608618872658,553.526548834171,517.314482442812,-392.836897987458,-510.522934653312,1678.16166292418,-1287.6761679348,-1293.03752408169,1820.74824606771,3.60404187121821,376.418512504266,1382.29737119333,-1357.10368803279,2656.44168067233,-851.245289731401,-1086.61786526097,-955.388174662084,-11.3588098165219,-224.562352965624,896.943197357175
17,854.476606061993,-563.104953219673,-82.7313323301578,1058.98394247101,247.308852865965,327.103725227244,347.638480252926,-468.451755278472,-684.732335148727,1753.63826322814,-1166.44481463191,-1076.04672994961,1980.60522113477,131.903471825873,509.178589608286,760.510987778016,-1157.77246871519,2205.50335282809,-836.999153949057,-1387.26622145651,-608.794281417979,-506.220474376436,-255.470008612087,178.550636624197
18,895.016963294107,-498.488071570181,401.084234382174,633.631441228747,773.179683928526,353.956650287012,357.868960775792,-405.767647403832,-751.051351857604,1052.99073192503,-1628.63260784148,-1586.17434770856,1990.37652052462,-162.610471900833,0.857100894604628,1346.32031701159,-1165.24718692872,2323.9744557063,-507.384416877999,-1377.38138320388,-523.632105741239,1008.99240604504,-668.834315009668,239.136322734063
19,935.394167331281,-883.309805367622,139.957543406196,811.238378511045,110.916137476619,340.9359173791,90.8146562270922,-817.821643544796,-799.558109926587,790.723649762927,-2011.17706997204,-1824.53782724378,1859.55509570567,-66.1404671951041,44.1163912385819,976.011621211223,-628.517001557741,2008.40432118796,-405.189390183363,-1222.47963303063,-538.16934015175,707.465330668394,-1069.80929436752,176.754104245274
20,1168.30404907919,-618.708887221811,450.676498257339,289.219752946297,-97.7273534026072,484.767896039325,-129.461687447314,-678.755734932247,-859.123240829351,224.627723373851,-2006.13516809088,-1851.78919437996,1579.29752437717,-350.571291387235,1.09822526786866,1348.58173556225,-704.726809418115,1932.8448201046,-490.238819550705,-1401.35679864567,-648.173974039964,1477.28550650795,-1650.57514869104,-160.603659981065
21,1225.96229572976,-923.546070309854,129.292203804665,613.821883651632,174.062448051142,397.27194997134,-585.464237242584,-688.806003996538,-926.946922016847,406.59526774778,-2335.68518844511,-732.299892541692,1546.53304549069,-250.231020497946,507.92160527849,669.321788863726,35.6160598947899,1338.42731751598,-578.144054215667,-1032.71712973795,-599.742160072609,721.606998858842,-2004.30594686439,-744.843126719217
22,1482.28306494703,-733.683091880704,247.949058430109,237.453154966681,301.183132133533,526.922806130444,-333.368744806105,-449.333955786864,-649.565770132283,282.303050076986,-2637.92253367664,-900.263570018209,1540.30777348125,-58.7096186614772,668.373051510455,1347.41745089475,484.972424999721,1685.84927906102,-465.410842859739,-857.163547739524,-645.995222365593,1389.13929777823,-2447.30562127614,-999.006957122442
23,1936.26926679408,-771.847410573298,-24.3508324994964,669.361891274011,12.141001241187,347.71541706902,-357.455480504144,-674.606537704773,-648.398050063968,921.037590390206,-2494.56927141996,-869.530068455408,1916.36832352391,235.005420307682,1069.06618491288,967.550983397601,1185.06737738439,1398.8973544554,-688.554184412747,-755.012629011132,-737.03553952507,1115.56238606746,-2426.73453697421,-1841.60403971911
24,1933.02678875077,-485.54125133356,-18.57595470246,124.397910829573,264.841498487677,472.873289608895,-557.192882338149,-250.62421707417,-572.956067836364,1020.8485212643,-2536.7279116105,-500.893293844196,1852.22020271246,187.388007403629,969.655196026144,870.170474279077,754.671058198222,1851.46664992168,-840.819206960694,-954.181709434868,-723.66026448892,1658.80198932699,-2959.59914741442,-1414.19471583498
25,1877.65286617235,-699.033030530821,-257.021051842595,614.408945593928,402.749496696565,504.901109947897,-372.548926605837,-372.28696093621,-478.665035655831,1846.12624974678,-2242.82098812713,-294.569644822554,2264.7172890192,243.707040011823,1252.08137693202,247.373917058756,908.684932917017,1576.07844049691,-995.413368457476,-805.411917552238,-675.581113311867,858.04645050695,-2757.59672432833,-1524.14349636558
26,1689.82587758884,-412.697151704786,-14.365122111135,328.169596790152,1054.59541597012,734.792727483162,-205.139836764762,-161.971726240781,-473.741944874479,1760.94738622811,-1537.96935504528,-742.555854241173,2394.32485467066,-11.1640292565235,1104.35052898812,927.352743960822,500.171828906182,1865.94815097608,-989.560081614247,-909.917400580605,-680.534102067696,1471.84864999806,-2899.67061407125,-1233.92818217466
27,1370.16748861321,-616.959528601955,91.6985005566448,-80.2195041266914,1487.03808581529,890.424490830977,-509.157068708583,-428.813172830864,-860.625227284729,2393.20105182345,-1168.87441289148,-512.695853095168,2716.06110904212,-328.775492306987,1150.04404496686,75.5485386012078,362.043764261715,1657.88566976248,-830.498614717747,-688.160819620178,-883.597969196879,875.437696538183,-2336.94415729753,-805.448018422317
28,707.759767997808,-374.253671055546,198.039903851294,-847.069047458872,1872.5714774591,1083.69657091444,-309.583050680902,85.7049872113294,-704.440379866473,2244.14994690475,-907.091322039279,-363.055196752368,2534.26770874438,-553.845914760231,854.430100089842,670.612683701205,-311.929568435901,2110.46754910487,-888.002051916631,-970.535251159248,-922.400374203957,1320.20375204558,-2470.78706354716,-347.537201368748
29,429.777625921482,-644.030943339237,89.7868835694671,-509.442818549896,1628.89255022815,844.682275959015,-462.094603001479,-177.553114203322,-834.597617715674,2739.9295141099,-1058.06362907637,-96.6104519026248,2552.50295406074,-597.79772349232,969.597182490637,608.668949135375,-336.137556172405,1584.23123984714,-733.803072280968,-957.734604409464,-878.402490495176,993.54418276423,-1806.53932317798,-1210.71976647348
30,611.404258916507,-356.694059186641,387.285863218257,-1577.50528244506,1460.13543572045,846.535143170508,-467.704612756776,-315.484566591334,-640.150547575944,2419.72889399978,-1446.61745750198,-162.770982090251,2346.23864246414,-808.742072568901,766.667162454736,1127.37901445858,-757.560187526748,2305.51067814141,-555.870974741293,-1015.05465505307,-748.668319218094,1734.9637697812,-1774.61803713927,-184.107251779604
31,612.397740285772,-414.987226567794,138.189388388766,-1319.62011872783,403.556911545818,691.181765561199,-480.936871512996,-775.029069356375,-639.352133209904,3054.46317260148,-2175.8681823302,-180.861755077833,2485.35021319204,-559.499717197247,713.67162418212,537.114811042768,-633.139313652827,2333.1661920979,-322.706711997856,-953.678340391169,-698.836163931477,1598.61091837994,-1488.07904255358,-100.864813982182
32,242.63364400542,-70.0121621402295,233.702574606556,-1395.75350674642,361.197744933685,709.403087206063,61.9445635592501,-514.76053155304,-274.267402303744,1787.41940365438,-2481.82340043248,-810.339997829371,2061.25498819498,-446.511014856459,527.545797723425,947.273117545728,-1099.77439475758,2408.84085807358,-429.378468293663,-1032.9139250466,-533.792919436411,2240.52093048896,-1892.61222951997,205.993301009066
33,582.598350509986,-308.092395782933,-32.0775547930816,-337.991806805312,100.983402559003,699.029268783926,11.8427749666953,-786.870881425519,-522.47579319034,997.350421316343,-2865.09530660395,-774.604208695265,1968.13861367528,-394.268732446177,645.301645677652,380.666726710846,-601.86547850545,2121.87041633204,-265.254710115354,-890.458478994444,-555.384748264918,1773.59692722288,-1746.3041173038,841.119042940161
34,1150.6296881658,-15.4488867466989,136.112608878203,-632.391527663205,319.592255910315,1027.70183312646,352.306575886838,-845.312987572156,-125.378006449408,1026.58752226917,-2695.88508591565,-1254.68455761122,1945.23189638161,-594.165403275078,560.23204713488,1453.28186184708,-867.316079085557,2629.4257088956,-292.775477116111,-857.792614637612,-653.381583485589,1821.76439547568,-2127.58089159067,1660.65490863932
35,715.622346051814,-249.67491469869,-309.589847011526,214.750744098228,484.995155008114,990.019858742649,457.882171341663,-644.93127876274,-235.064281771131,1217.73062985541,-2590.77628302985,-1145.73305228186,2065.16877351049,-421.425016331758,562.548758124306,1059.98353718886,-1132.7914144824,2550.68580886088,-415.889924824943,-803.733380875632,-952.174225011719,1642.11746184073,-2277.88033745629,542.121324089758
36,1329.77050008348,-151.818482816983,336.16654468965,-224.240336103067,835.167364678599,1162.94400420668,493.019929230913,-0.740272917939365,32.923013017351,662.185985548336,-2493.2466155209,-1621.78155885169,2107.73637067468,-750.366336619082,268.10718238694,1553.01861039643,-1861.44671182817,2469.73878457979,-505.856733776651,-866.967054856424,-1010.86080284345,1372.34514189111,-2858.46815641415,116.622973491663
37,1826.37103173383,-506.886640819956,304.604138677028,701.079333834552,223.802067839013,1187.65860973804,73.5936917959652,-133.679298138557,-15.6678873321944,1841.39138409051,-2543.49070393878,-1664.45060339437,2045.4241227376,-758.024402700991,200.442352056753,1600.44292233832,-1649.85007940938,2103.42948077335,-334.747995216806,-802.08693214198,-932.925210205052,623.69101652055,-3010.5815341369,-301.847644089109
38,1988.04907443306,-608.800818444067,617.642311492932,-217.732343329055,288.31256746778,1288.25486561931,215.432237262895,-17.0710500520699,253.493434416595,2377.33779128285,-2463.83029078609,-1591.50299965244,1895.0596036202,-1059.52421357256,418.814787366703,1600.84567534719,-2580.28700024288,2546.10037006866,-410.144137425699,-908.851044976877,-583.515467618148,558.458634975654,-3287.89848230694,-552.151925563297
39,1569.7125054161,-775.155215865823,499.20591145447,399.782866355779,-265.906761632909,1156.94913023806,202.232582224253,-165.973714408459,-113.592650496912,2285.18397725971,-2661.5834441769,-1454.0627704867,1976.76009438112,-805.520450078447,779.73924271995,598.786768632366,-2634.54654446879,2615.77288173902,-350.677260465182,-737.519240375583,-306.806279877051,38.3155528814932,-2943.16227766026,-866.961111244936
40,2016.31897718214,-611.311990251253,959.564646044316,434.096785303675,-325.017630570801,1116.87156456881,230.121332784927,-79.4959827035982,-44.1225880466454,1454.09056909076,-2680.9404967859,-1383.08539540582,1868.57531979336,-985.775949777785,705.092895097249,1058.47511747734,-2547.85827988659,2596.55038511897,-309.83477725041,-852.589542628925,52.6778660055206,-202.708663340076,-2505.38023674583,-821.003827140084
41,1289.40748120005,-784.43929774652,609.302344531025,832.237856194253,-607.755206101975,882.491511094503,407.056883814486,-455.092798965483,-377.902964793416,2039.83025356425,-2786.21667793388,-472.22207713635,1613.65387380254,-748.063057635033,880.352697409969,488.332957288829,-2151.80200208084,2743.9418997069,-328.918498849164,-829.389989738973,342.908638771066,45.2064712327901,-1634.82457707382,-379.620904718236
42,1153.68731587829,-661.496179745754,812.892462164335,403.43940351755,-169.886250857783,977.273497627893,753.765968029604,-281.014795447552,-405.981397394577,844.39645915624,-3023.15295040824,43.4760052445763,1737.05644807083,-1014.84597732328,897.140911619194,774.2901525833,-2330.53092303187,3121.17018598235,-488.491849909622,-924.582072359039,430.080164284854,861.608473427326,-1352.02578869268,-740.337399065288
43,791.055414236083,-478.371967742275,786.731893245393,1187.17460637094,-453.896227044179,667.550015716287,608.554886041436,-694.2443488268,-689.124388334177,1709.49054982827,-3232.35761894126,251.894192793223,2094.73795656083,-702.725541344666,774.595386027915,843.724270000939,-1973.11489366272,2650.17739035558,-507.42834637304,-732.512283087419,277.047378798687,716.398242811538,-955.343377576213,-864.095751082559
44,845.529819101479,-396.539845205841,1089.46645018437,604.847069561718,-224.708961691194,755.271393003937,789.532816853811,-296.535010329718,-662.126754556675,1392.33526206475,-2814.14224275455,761.640842938021,2304.75324959325,-929.924760055798,384.218957283399,1470.8165065101,-1792.97245394205,2625.10835125013,-675.564542542844,-972.914629311861,-34.3704609566248,701.476412275861,-684.933738586909,-281.718526613497
45,631.015472414805,-533.621073359041,764.541685462046,1091.45935730869,-567.704715750817,687.051270080451,698.531252932079,-46.8977301292207,-1041.71967544651,2586.43142724172,-3115.45063864268,788.785399068976,2132.43090679488,-673.496397418471,287.058338212593,1010.26214248617,-1516.98607661944,2804.92238975485,-490.736305228371,-686.715918113624,53.0991432165056,877.990600496807,-913.56984352719,-197.597785196366
46,466.58945082538,-368.09948259415,567.151962969436,776.663161188078,-479.48232492226,917.256165496987,865.13473409351,-77.3951586921721,-611.096961433298,1300.51763907756,-2631.49600393361,102.341583231551,2511.64432855148,-941.329422553799,221.183554304027,1662.2201743984,-1667.4671143678,2912.77729677086,-553.518119269076,-644.259764164834,-156.283847143306,170.31481486612,-1699.25771653757,-650.358876888006
47,752.898748019819,-422.641327722677,201.172273962801,1141.58158786289,-1068.50424001916,898.831310000075,627.923077996816,-435.609319165032,-570.004518683198,2684.91687418181,-2164.36614798399,498.616015434041,2679.1169388885,-667.530522189865,216.928430636589,1405.48737783156,-1630.99409036746,2658.95815744721,-424.089083235724,-442.134718229897,-285.591657084837,-1264.15081300651,-1513.19046770072,-456.108060116522
48,950.565801214996,-299.445041529108,300.995718521021,567.879135990237,-873.908984240365,1161.00230264906,596.326688543615,-185.890229421555,-301.588143582654,1894.75571912876,-1775.76202583711,-417.206669256608,2567.99498875164,-850.28360763309,145.207894743712,1789.5595127391,-1683.0737442054,2550.45453217899,-345.766779483878,-590.957517899646,-357.211102005038,-1609.58685783543,-1849.69692204238,-223.303979077655
49,1197.37454623738,-540.099559668877,114.148661450735,1149.21627269578,-993.333033874825,1011.6243103809,216.895779773098,-498.464294084049,-212.738011353671,2409.67475979142,-2039.43552650885,-14.4668014509552,2185.90166391927,-691.305961723348,489.730718627518,1558.0113550281,-1700.49111862885,2236.48140631253,-392.354721111532,-326.580966429291,-226.881594792449,-1331.51810740174,-2382.48919462011,-1582.92489012057
50,1305.16979279655,-450.51548091216,121.440672049658,465.598522910179,-615.412029910329,1135.99483036402,528.223214347817,-686.100633420722,287.813939400229,1734.01299923453,-1774.73861798226,210.304958361741,2804.96444668899,-980.535629712293,467.906500045454,1778.29462747992,-1607.69131242979,1962.52257821603,-780.646803410387,-663.689536921504,-210.695326611119,-1662.27561878924,-2978.80693930563,-1516.54924860521
51,1597.43956745545,-671.422816538417,230.777322814788,887.667841610873,-823.557424752888,1070.36058313743,324.923858013037,-887.806957908645,-298.083415048919,2948.35044275897,-2429.16652816287,565.910998908797,2880.73294900717,-632.630275893049,618.526796456616,1661.63814723714,-1414.02309547494,1888.31085098376,-852.878138294609,-524.339991241836,-128.323177765793,-1609.78271737831,-2713.84538066014,-1361.96217471383
52,1598.04059935718,-540.296175054685,366.038438519713,495.930806831613,-767.20349271314,1070.62766427052,39.1840233206904,-701.141575153339,-214.640745897723,2216.92319531776,-2251.30945266338,-44.0544268599879,2985.40749451236,-804.277911897178,664.236859055432,2491.48490423323,-1391.83424246698,2191.97697045455,-1056.28760320824,-703.350423657193,-243.015907962666,-986.94409948306,-3136.63556559376,-1035.5862268367
53,1182.7891510466,-798.313912339,125.35333975397,1077.18898005562,-1136.23864122556,969.619891823552,219.869727966652,-927.832115082228,-340.489385745538,2541.65563267697,-2528.14578469246,588.903424081471,2894.78549031181,-510.032265148337,481.337981819258,2402.35210693452,-704.625527170229,2444.98515251858,-1056.518001513,-325.989453221113,-81.0746316314071,-876.632597355387,-3178.63606484397,-1156.07912038564
54,916.23155715399,-585.369228300345,217.613639672952,874.759331381834,-1202.73831288868,956.658283605396,345.81463794429,-875.79476999765,-370.740706980702,1888.37547755597,-1836.41555697141,-121.364687599615,3007.40944847833,-577.383691035176,137.513658804422,3018.60475289642,-483.109560682037,2849.650070536,-1132.3636027021,-276.957265983921,104.444959920754,-582.41028717918,-3617.6075619805,168.112049423848
55,561.912848211074,-778.864454668922,-86.8980374926505,1452.62927947992,-1396.67602541775,904.808452634064,58.3822282645233,-1309.34468291418,-571.423521751996,2992.34289170135,-1815.82507168704,-102.954223621135,2408.74163854128,-346.011800489906,231.821766358639,3386.64565531815,-24.7282932450889,2816.4713290677,-948.756278803025,-62.3771830304613,84.7760782229325,-565.303656956828,-3288.87508524817,-239.112590035475
56,912.971140980057,-622.541389138244,27.7682382928606,873.197824998164,-1291.12239508353,781.753237059938,-20.7408166183823,-1478.78635369012,-208.587590211589,2832.81194948679,-1349.76982349147,-853.937038329598,1934.52946449865,-556.719743670603,179.255661487979,4095.02371129739,46.6866088060788,2796.14649959669,-946.672736985617,-125.44763728715,-17.8855322770169,528.357175819221,-3556.74675277863,592.043250945449
57,533.276014830373,-727.632905388439,-149.395634216372,1624.22505872297,-1084.38550065229,633.980760660605,536.407620490761,-1623.77418682818,-412.611528642045,3059.84068477843,-1904.28434250746,-1051.82588913323,1509.53332356206,-470.922534900893,527.212180615003,3284.94687806447,453.302880518279,2744.44485558047,-1229.11305480248,159.711723022769,100.005575228314,594.969690482962,-3810.26998436642,669.927216754582
58,1393.01285884697,-378.064429564613,1.63730891402429,1192.71029226977,-452.683460080242,1031.60198927119,261.215331908299,-1504.38406685244,-408.165841696775,2858.07346896632,-1613.30977426587,-969.274829660166,1486.93398386002,-695.815513253703,658.330593687283,3766.97577754585,-95.1163673745314,2994.39238039488,-1543.69871156281,-48.1925692768564,106.807113043903,1934.35330587285,-4128.4977875599,931.956085405076
59,1556.92869464986,-539.520438426146,-371.197734063848,1136.94380973013,-311.805640660311,1155.90083406619,137.011681023941,-1587.69965316146,-432.941204144401,3672.62777562355,-2439.45738461078,-637.336775042622,1173.91349932605,-270.513062414463,704.34140382122,3447.14076861304,38.892781363792,2967.77796485421,-1347.66107497522,50.8609999302807,57.88986206352,1481.150506526,-3856.59549942199,-149.508189834723
60,1686.02673295684,-286.464753581548,164.854598082733,374.588039463466,-248.47222710826,1313.62735437848,44.5204255381304,-1484.30477180427,-595.89598899499,2913.47136448888,-1799.50979575931,-756.733828398636,1192.31466925923,-256.628054316724,380.055798509272,3402.00906824893,-420.131975398322,3358.65284833927,-1498.27317714102,-156.994040171841,-34.4832148420719,1812.55279289528,-4138.51189371005,666.549483580748
61,1419.85663682596,-510.362467311893,128.685172678783,1059.32179567692,29.6429033372769,1624.86440975763,-30.6437041359432,-1344.59219589449,-852.114495931488,3101.42774351503,-1844.15239597217,-299.393003972444,1165.91218075347,-9.77797840363564,368.136784093876,2290.53927362701,82.2560685642411,3357.19535378614,-1588.06239715518,55.0386398574174,92.9027514137524,1180.55483345553,-3759.97784767655,-321.341586782241
62,1709.11793895837,-424.505903044648,391.115921285592,50.2154230914439,72.6643799738968,1609.96671039762,-516.932319614511,-1147.12281613416,-815.698820580803,2472.93383971367,-1264.68178296602,-431.194743413984,789.486511526346,-76.9072265855839,-284.898592320979,2143.81272112896,-205.773209205892,3716.56666769479,-1209.76358810854,-42.6071767195153,154.479662138734,1733.57616447393,-3707.96481245347,-430.707411832084
63,1071.10994137415,-854.795247255625,260.037156912519,277.740687661828,-585.885300013928,1441.60093133623,-528.650912565816,-717.560089341042,-669.817397319228,3073.38709269925,-1434.06553543596,-893.317161250671,743.731759625995,86.6770572525684,-160.02678240253,1180.21847288346,321.841009680864,3358.74350691843,-1151.51727940196,79.2611373399559,62.2055049392638,403.238342948196,-3276.18366052845,-528.280272498251
64,1303.92201394308,-757.191815126035,632.617578754438,101.003885784183,-277.21230882468,1261.41706102025,-601.650842921532,-343.097362988642,-625.756050017284,2281.52865404356,-1008.57831499519,-1571.58568764465,635.668179412862,-366.594094963978,-200.702232164086,1549.04580385017,241.413266974085,3482.36958808535,-1203.69221123038,-138.628847375546,-355.1737990212,785.946741021178,-3245.94603518303,-646.55043521576
65,1651.24277694792,-1087.13435044972,584.21055996104,1165.60648280808,-364.434194781987,1191.45817983418,-301.024546778393,-407.568248393018,-598.740833218025,2113.82133295572,-1439.29450331394,-1170.5284858633,631.49371183897,-221.930305721455,164.589112138547,1088.40424804258,678.378514850355,3290.33222547095,-846.204462481025,280.282654470551,-482.128165562291,139.814514760012,-2719.68444781189,-907.840182048402
66,1479.10722671931,-812.185019420835,703.376736922907,649.575009968981,132.046354535941,1618.7886912063,-280.164759828695,-263.300241540808,-368.573290070371,1266.14466471234,-1041.72073813106,-1061.06308790394,1001.90454290476,-504.695530619609,-30.7855620051178,1546.79979815777,163.160908591702,3294.01276279186,-741.621573535749,-65.6823136287967,-622.62658182915,499.111940986038,-3184.63610902019,447.056456823339
67,1359.55003236809,-1087.71912896006,526.874796054227,1248.38740714119,191.67662734071,1572.4320252276,124.929074187638,-515.164341023372,-491.691036180555,1955.85756437943,-1101.8917378931,-1303.08751705197,1341.33688155332,-356.312196603604,420.783766885993,1569.27167057158,547.941772027672,2873.78500395642,-568.675347043063,-261.365744193966,-883.332316308551,-411.596624793245,-3240.9474914819,901.748772034993
68,1428.76683152463,-852.067846225676,683.818442800518,843.442205561643,774.181702613086,1562.96044291611,127.078070587516,-1000.24101405518,-461.706727953044,1380.02483814257,-934.320081174927,-907.632505698559,1346.99211168097,-647.094394540585,133.796659635778,2324.87334348765,57.0741266961031,3280.72479134213,-492.427613912003,-477.145447446025,-978.487516079385,-49.1698636668552,-3721.52295159755,866.701667252888
69,1356.19131889883,-1020.11969552162,494.681200221704,1477.41932612273,684.897310855736,1658.68548945954,240.174912939166,-1386.40254332986,-571.079898598135,2171.88485428318,-1146.69491185866,-383.502414026287,1811.198203978,-561.199678287224,245.646920856511,1437.18339903279,65.0588753816101,2638.94337177354,-150.638169074661,-254.868351177424,-536.616327351942,-101.746669433214,-3556.47758061993,1256.32821123481
70,768.196807290462,-753.733717396057,379.887616111661,509.9906230464,789.788404492075,1624.90431810428,-103.609327302473,-1183.73035581174,-541.583051804151,1619.24269296891,-1288.23007113157,-1345.91109072756,2023.91603718942,-908.953067828336,53.2313993957878,1965.7704261726,-379.205462907995,2653.42010169528,-33.6681097925111,-617.323886202974,-523.098618332211,965.582615768521,-3955.93621179338,791.098630245106
71,817.431947416462,-1024.3835885496,-7.63464543816917,1192.59809721644,114.650965684266,1088.10673755081,-182.819559382308,-1400.08818333405,-761.161054513342,2434.89001156341,-2002.94300801208,-1220.56804855974,1805.91346516501,-586.917638905091,235.921222753623,1684.44664010745,-263.349070431665,2415.8263510575,73.2194110096552,-374.500366408327,-451.664177678918,789.614985299664,-3641.75081336141,-206.484931806108
72,1029.94662520105,-763.391464821379,248.129408741221,550.100531630447,423.987442839257,1292.18493173658,-435.085198286361,-736.054294820437,-683.009001113519,1711.53198050458,-2163.31429035187,-615.115114448823,1801.76957635377,-754.737975137336,-23.3975088051884,2207.66317752852,-469.058199639514,2986.62757890576,-259.274933144629,-273.97657660005,-361.332269890523,2037.47779663923,-3450.33756421044,-271.377055574864
73,1057.55250872875,-1059.30569280544,52.1999665203848,1042.23907723999,207.475695668086,1239.24083056926,-545.989804506255,-823.698714390547,-937.852588093787,1383.9336170733,-2504.2896025274,-343.698124808407,2014.04012905866,-322.570418869155,210.601389593987,1651.5392421721,-559.376585603219,2610.15281479648,44.7451048279199,-6.51012602494666,-393.583156309902,2151.83391662847,-3022.66393505279,-1004.5885843002
74,832.483599769104,-831.420753373117,308.477940423704,217.871028362295,315.740305061575,1357.42667757076,-520.954104645953,-768.390334706713,-847.656121463542,807.335176067256,-2728.24377936437,-427.07421506818,1865.13882827726,-454.290177349772,-110.159485697177,2192.99913247313,-959.188688277769,3195.55763489981,-156.295312662995,106.592093615578,-750.215783105443,2476.3735320594,-3235.15589797353,-254.733471995951
75,969.684466753317,-1079.12180880708,656.225529647889,1028.51467996354,-122.085865411073,1369.46471166961,-602.197709058625,-1055.60650098569,-729.808503708901,1212.18671651762,-2636.47288639403,-160.112736678022,1699.18783738233,-179.891357268149,132.483175517458,1858.08165338665,-1263.54143047874,2612.36679981301,31.3531674232308,507.636540430196,-1023.63384301219,2044.27945446783,-3013.92020493496,163.749365385091
76,897.907417954179,-739.578271093706,1230.4423861358,653.330902417169,30.1757058096637,1277.13913946083,-285.058172307875,-927.481868305911,-494.561022547043,712.755063619457,-2392.82789489536,-363.396766809493,1692.12171099965,-424.417109388777,53.183333913481,2435.43424493257,-1016.29580976762,3199.82477526634,-152.369406276382,468.701466115692,-1141.61789114983,2128.09298291905,-3524.27840912425,813.584719226856
77,433.249439631969,-1031.31796654386,1006.15631085335,1547.89236485276,-396.364123860648,1383.44976816696,-126.690228011649,-1504.0293783385,-693.419466917956,814.175161252315,-2667.70751025738,353.158660536428,1962.77214488124,-105.482293023627,127.975392188486,2351.80994801095,-1453.58447287944,2723.52928287464,257.733222379575,402.20623307405,-1181.25952732971,1560.16545512901,-2918.3311266392,367.942761701361
78,164.36816096027,-796.526815377322,1236.9041061211,1698.25889531978,-422.953734254433,1337.80912043548,236.216112312094,-1277.54261272723,-482.291119773467,412.361075205261,-2449.28254528337,-75.1490613841215,1906.46961244249,-306.182360244321,-14.2900488031364,3116.80958606638,-1512.46755407907,2794.68807643466,550.608797332722,119.457215386417,-1293.56712229013,1780.47878347262,-3006.70547244325,1316.31381424963
79,237.915212096483,-835.85880050695,1098.20198080645,2619.39504634912,-882.227556692665,1238.07920863037,286.997521959651,-1258.34747449527,-632.234435171116,698.941397755741,-1924.02285768647,181.50654381254,2390.35270261914,193.901424296974,310.037560380101,2828.29319874198,-1388.74824607805,2582.23488023648,816.768931396019,91.918491546674,-1186.09991035555,1200.91072206589,-2501.41000699485,219.035356498798
80,485.642416865046,-339.387472768936,826.056050119464,2822.6757920411,-192.069654826285,1500.01905809043,474.910329486251,-843.680165549192,-766.423535914542,592.294685316603,-1860.32640165381,-41.8799485977306,2363.94617033973,152.345855183904,30.6888628162405,3072.58097145618,-1088.80884487094,3258.0698123181,384.792022109127,-187.515495975822,-1086.29032270132,1352.03105799156,-2728.04623069226,621.771028712606
81,732.853980663349,-654.179467114369,437.567983408859,3418.9238889559,-446.661895019417,1569.35447160378,6.47876538429955,-781.527467091997,-1130.35035586513,1601.59623354327,-1926.66164692925,-403.498676028897,2375.9067744272,527.955692487973,175.274992596032,2948.7595001295,-1361.95210227874,2729.34500304738,692.104678678063,-75.7090265780089,-906.035678680807,1161.35267207754,-2158.68484383945,190.07878518679
82,688.638122297772,-329.634363584254,559.970594146665,3061.01846924888,-420.209929855875,1263.79744123898,60.685383991522,-583.916608415346,-901.002596584171,1686.46954853652,-1707.26000537963,-1211.33397177765,2506.21825897633,431.927718536784,128.456372130637,3129.50984074633,-1298.59081245532,3036.45334196125,640.235791425306,20.7157633382994,-908.386324281472,1306.56706864475,-2687.44175742974,660.482509259875
83,661.129102418271,-225.67215689768,442.730232976776,3225.41788221159,-898.95144470248,1300.98108391049,17.1913810462929,-730.775401670229,-1211.81892383341,3117.84638678408,-1969.18068476114,-1763.78488319249,2557.26834474118,931.401034887275,179.42214793417,2482.4180840282,-1221.28876727308,3003.81938767622,551.393728135567,75.9240083488457,-707.252144174133,1418.96198847405,-2216.77229923611,338.239123593674
84,873.279940768468,186.591021470563,568.894033400566,2942.05439111712,-593.437745577892,1271.53306739795,83.3551334801286,-578.354890392741,-1043.31730530421,2129.23126131906,-2469.135983287,-2163.53334053083,2036.05771248212,831.823357958127,-155.861644511978,3042.4882670489,-1640.7460819944,3048.64636254888,435.779348021701,-179.814329948624,-775.374044213615,2405.52098336184,-2491.93409573251,168.555743930705
85,1216.15944362211,-55.3871546623632,434.598100380469,2770.52357684867,-1167.26725213054,704.502150603746,192.900915910122,-612.090353972667,-1073.84798879161,2803.64517745315,-2821.9114743496,-1306.41943606975,2204.11539188497,1187.02209475872,-22.0607198088519,3191.49064709746,-1867.8330844879,2619.97613465868,596.594092048023,-32.9284129294001,-648.705857446737,1863.27510011071,-2141.06291480403,-258.235168747921
86,1167.37687144726,536.529924457031,512.955538830853,2025.4234451227,-664.468766495526,663.588171989535,580.015986600347,-503.742545687723,-833.076813477705,1846.94166576983,-3104.49131039611,-1046.93262211512,2061.20507038731,1015.57785286366,-183.705345701944,3668.1270077756,-1936.40096755802,3071.06645740344,208.78907982466,-231.378510399375,-856.975573701544,2477.02603230463,-2478.93052322228,-255.46554316949
87,2129.18789850528,1006.2741282541,471.022870183573,1754.72624679292,-97.5019786392586,408.025402425723,493.888371572233,-404.352593759119,-657.990946694976,1278.62255233955,-3550.95287095965,-224.376194409369,1625.40810889688,902.932772641191,-305.956975443781,4437.6032098413,-2041.5649743413,3008.4784551418,-380.53496240591,-123.915633075977,-933.03163586041,2506.57549388072,-2874.25784782855,-1005.88050025018
88,1105.60394180659,1779.15819266505,527.682898141808,299.354990271771,1529.17684772026,1164.78248197629,650.493449601092,-705.287206066524,-667.875167865793,1405.75451765586,-4148.75234494679,-1498.03261363234,1546.0994624822,192.347030099897,4.6530149961809,5493.53625928828,-978.489427483625,4155.39068843476,-1542.11018976895,-270.823421386688,-1109.00718289388,3470.55007311542,-3765.60834713641,197.438657326067
